{
	"current_level" : 3,
	"high_scores" : 
	[
		18821.904296875,
		18788.056640625,
		2583.343994140625,
		27490.283203125,
		23665.66015625
	]
}