{
	"current_level" : 4,
	"high_scores" : 
	[
		18821.904296875,
		18788.056640625,
		26825.53515625,
		27490.283203125,
		null
	]
}