{
	"current_level" : 1,
	"high_scores" : 
	[
		6686.22412109375,
		18788.056640625,
		26825.53515625,
		27490.283203125,
		null
	]
}