{
	"current_level" : 3,
	"high_scores" : 
	[
		18821.904296875,
		18788.056640625,
		26539.4921875,
		27490.283203125,
		null
	]
}