{
	"current_level" : 4,
	"high_scores" : 
	[
		6686.22412109375,
		5643.453125,
		2583.343994140625,
		17289.876953125,
		23665.66015625,
		29452.9765625,
		null,
		null,
		null,
		null
	]
}