{
	"current_level" : 7,
	"high_scores" : 
	[
		6686.22412109375,
		6907.419921875,
		2583.343994140625,
		17497.3203125,
		66992.2578125,
		24925.478515625,
		32407.783203125
	]
}