{
	"current_level" : 2,
	"high_scores" : 
	[
		6686.22412109375,
		18788.056640625,
		2583.343994140625,
		27490.283203125,
		null,
		null
	]
}