{
	"current_level" : 2,
	"high_scores" : 
	[
		18821.904296875,
		7239.169921875,
		26539.4921875,
		27490.283203125,
		23665.66015625
	]
}