{
	"current_level" : 6,
	"high_scores" : 
	[
		6686.22412109375,
		7593.7578125,
		2583.343994140625,
		27490.283203125,
		23665.66015625,
		29452.9765625,
		null,
		null,
		null
	]
}